{"cameraMode":{"drawMode":0,"name":"Shaded","section":"Shading Mode"},"sceneLighting":true,"audioPlay":false,"sceneViewState":{"m_AlwaysRefresh":false,"showFog":true,"showSkybox":true,"showFlares":true,"showImageEffects":true,"showParticleSystems":true,"showVisualEffectGraphs":true,"m_FxEnabled":true},"in2DMode":false,"pivot":{"x":-51.71620559692383,"y":30.992252349853517,"z":171.7411346435547},"rotation":{"x":-0.07593105733394623,"y":-0.22868917882442475,"z":-0.011546142399311066,"w":0.9710201025009155},"size":88.59185028076172,"orthographic":false}